<?xml version = '1.0' encoding = 'UTF-8'?>
<Diagram class="oracle.dbtools.crest.swingui.relational.DPVRelational" name="Relational_1" id="1B96562F-E7DC-D141-50E6-08CC906314DD">
<createdBy>a8077</createdBy>
<modifiedBy>a8077</modifiedBy>
<createdTime>2025-05-05 23:44:50 UTC</createdTime>
<autoRoute>false</autoRoute>
<boxInbox>true</boxInbox>
<showLegend>false</showLegend>
<showLabels>false</showLabels>
<showRelAttributes>false</showRelAttributes>
<gridEnabled>false</gridEnabled>
<showGrid>false</showGrid>
<diagramColor>-1</diagramColor>
<display>false</display>
<notation>1</notation>
<objectViews>
<OView class="oracle.dbtools.crest.swingui.relational.TVTable" oid="7FCFD945-D5A7-C7CB-B30B-292838F58D33" otype="Table" vid="58891E06-CF4C-1754-0BBA-A3857BB8A8EC">
<hideElementsInCurrentOnly>false</hideElementsInCurrentOnly>
<bounds x="549" y="323" width="170" height="110"/>
</OView>
<OView class="oracle.dbtools.crest.swingui.relational.TVTable" oid="847F38AB-511D-1C67-8227-B4E27057B620" otype="Table" vid="887A534E-7783-40F7-A2C5-3B7D093257FC">
<hideElementsInCurrentOnly>false</hideElementsInCurrentOnly>
<bounds x="580" y="529" width="170" height="110"/>
</OView>
<OView class="oracle.dbtools.crest.swingui.relational.TVTable" oid="98B1F640-6D22-B6C0-F8EF-355C8977AF1C" otype="Table" vid="940C1410-B129-A7B4-F123-6652E1C030DD">
<hideElementsInCurrentOnly>false</hideElementsInCurrentOnly>
<bounds x="256" y="352" width="170" height="110"/>
</OView>
<OView class="oracle.dbtools.crest.swingui.relational.TVTable" oid="B4BCE2BC-02A6-B5AC-77CB-A9AFFE4895E8" otype="Table" vid="51DC1BFB-280A-8146-9DE8-9662E63B4984">
<hideElementsInCurrentOnly>false</hideElementsInCurrentOnly>
<bounds x="858" y="330" width="170" height="110"/>
</OView>
<OView class="oracle.dbtools.crest.swingui.relational.TVTable" oid="D87FA64B-2F82-71DB-31E0-FFDB3FD81908" otype="Table" vid="B3598BD5-53D3-C5A0-5B3D-86CC81C12568">
<hideElementsInCurrentOnly>false</hideElementsInCurrentOnly>
<bounds x="292" y="162" width="170" height="110"/>
</OView>
<OView class="oracle.dbtools.crest.swingui.relational.TVTable" oid="F132A9E1-8722-8F2B-929F-9949962D5765" otype="Table" vid="00373F3B-7D8F-81B4-FB7E-861897BC3EB3">
<hideElementsInCurrentOnly>false</hideElementsInCurrentOnly>
<bounds x="572" y="158" width="170" height="110"/>
</OView>
</objectViews>
<connectors>
<Connector class="oracle.dbtools.crest.swingui.relational.TVFKRelation" oid="1C197023-38F9-7056-F131-DB2AC6B0F4C5" otype="FKIndexAssociation" vid_source="51DC1BFB-280A-8146-9DE8-9662E63B4984" vid_target="58891E06-CF4C-1754-0BBA-A3857BB8A8EC">
<hideElementsInCurrentOnly>false</hideElementsInCurrentOnly>
<backgroundColor>-16777216</backgroundColor>
<lineWidth>1</lineWidth>
<points>
<point x="858" y="381"/>
<point x="719" y="381"/>
</points>
</Connector>
<Connector class="oracle.dbtools.crest.swingui.relational.TVFKRelation" oid="3D591B95-D02A-6CEB-83D7-F60C724E33A9" otype="FKIndexAssociation" vid_source="B3598BD5-53D3-C5A0-5B3D-86CC81C12568" vid_target="00373F3B-7D8F-81B4-FB7E-861897BC3EB3">
<hideElementsInCurrentOnly>false</hideElementsInCurrentOnly>
<backgroundColor>-16777216</backgroundColor>
<lineWidth>1</lineWidth>
<points>
<point x="462" y="200"/>
<point x="572" y="200"/>
</points>
</Connector>
<Connector class="oracle.dbtools.crest.swingui.relational.TVFKRelation" oid="73E85E76-8FF6-8B88-B27B-50A3E32568E6" otype="FKIndexAssociation" vid_source="887A534E-7783-40F7-A2C5-3B7D093257FC" vid_target="B3598BD5-53D3-C5A0-5B3D-86CC81C12568">
<hideElementsInCurrentOnly>false</hideElementsInCurrentOnly>
<backgroundColor>-16777216</backgroundColor>
<lineWidth>1</lineWidth>
<points>
<point x="621" y="529"/>
<point x="420" y="272"/>
</points>
</Connector>
<Connector class="oracle.dbtools.crest.swingui.relational.TVFKRelation" oid="79318575-D670-9227-5CB2-47C0772E0FAB" otype="FKIndexAssociation" vid_source="887A534E-7783-40F7-A2C5-3B7D093257FC" vid_target="58891E06-CF4C-1754-0BBA-A3857BB8A8EC">
<hideElementsInCurrentOnly>false</hideElementsInCurrentOnly>
<backgroundColor>-16777216</backgroundColor>
<lineWidth>1</lineWidth>
<points>
<point x="694" y="529"/>
<point x="694" y="433"/>
</points>
</Connector>
<Connector class="oracle.dbtools.crest.swingui.relational.TVFKRelation" oid="AD6B2976-90DA-98F4-BAE8-62C43E2ACA9F" otype="FKIndexAssociation" vid_source="58891E06-CF4C-1754-0BBA-A3857BB8A8EC" vid_target="940C1410-B129-A7B4-F123-6652E1C030DD">
<hideElementsInCurrentOnly>false</hideElementsInCurrentOnly>
<backgroundColor>-16777216</backgroundColor>
<lineWidth>1</lineWidth>
<points>
<point x="549" y="392"/>
<point x="426" y="392"/>
</points>
</Connector>
</connectors>
</Diagram>