<?xml version = '1.0' encoding = 'UTF-8'?>
<Table class="oracle.dbtools.crest.model.design.relational.Table" directorySegmentName="seg_0" id="7FCFD945-D5A7-C7CB-B30B-292838F58D33" name="Produit">
<createdBy>a8077</createdBy>
<createdTime>2025-05-06 00:25:20 UTC</createdTime>
<generatorID>29585BDE-D723-7CFA-BA3B-9F694D5B8F2E</generatorID>
<ownerDesignName>BoutiqueGuitar</ownerDesignName>
<allowColumnReorder>false</allowColumnReorder>
<existDependencyGenerateInDDl>true</existDependencyGenerateInDDl>
<parsed>true</parsed>
<columns itemClass="oracle.dbtools.crest.model.design.relational.Column">
<Column name="produit_id" id="0FD5F687-5B57-68C7-6CFA-3A833608F5CC">
<createdBy>a8077</createdBy>
<createdTime>2025-05-06 00:25:20 UTC</createdTime>
<generatorID>85DA981A-0076-32A1-FCC2-D702D6A38AA3</generatorID>
<ownerDesignName>BoutiqueGuitar</ownerDesignName>
<useDomainConstraints>false</useDomainConstraints>
<use>1</use>
<logicalDatatype>LOGDT011</logicalDatatype>
<ownDataTypeParameters>,,</ownDataTypeParameters>
<autoIncrementCycle>false</autoIncrementCycle>
</Column>
<Column name="Nom" id="F58E4848-8488-CA2E-1418-A1C1E08E4056">
<createdBy>a8077</createdBy>
<createdTime>2025-05-06 00:25:20 UTC</createdTime>
<generatorID>BEF52534-FA37-4F81-900E-407B9E7FEEB8</generatorID>
<ownerDesignName>BoutiqueGuitar</ownerDesignName>
<useDomainConstraints>false</useDomainConstraints>
<use>1</use>
<logicalDatatype>LOGDT024</logicalDatatype>
<dataTypeSize>255</dataTypeSize>
<ownDataTypeParameters>255,,</ownDataTypeParameters>
<autoIncrementCycle>false</autoIncrementCycle>
</Column>
<Column name="category_id" id="9C54764E-FA5A-2C39-067D-39F1BFFA1F42">
<createdBy>a8077</createdBy>
<createdTime>2025-05-06 00:25:20 UTC</createdTime>
<generatorID>A39BC0FF-D4A9-6898-9917-B797ACEEAC27</generatorID>
<ownerDesignName>BoutiqueGuitar</ownerDesignName>
<nullsAllowed>true</nullsAllowed>
<useDomainConstraints>false</useDomainConstraints>
<use>1</use>
<logicalDatatype>LOGDT011</logicalDatatype>
<ownDataTypeParameters>,,</ownDataTypeParameters>
<autoIncrementCycle>false</autoIncrementCycle>
</Column>
<Column name="supplier_id" id="8ADD262F-F832-2DDA-419C-856DAEF70014">
<createdBy>a8077</createdBy>
<createdTime>2025-05-06 00:25:20 UTC</createdTime>
<generatorID>E11FF2A3-0062-89CB-8FC1-F9D901A5355E</generatorID>
<ownerDesignName>BoutiqueGuitar</ownerDesignName>
<nullsAllowed>true</nullsAllowed>
<useDomainConstraints>false</useDomainConstraints>
<use>1</use>
<logicalDatatype>LOGDT011</logicalDatatype>
<ownDataTypeParameters>,,</ownDataTypeParameters>
<autoIncrementCycle>false</autoIncrementCycle>
</Column>
<Column name="price" id="074C9061-D865-63AF-81ED-36DF976E07B8">
<createdBy>a8077</createdBy>
<createdTime>2025-05-06 00:25:20 UTC</createdTime>
<generatorID>3F712E59-E2D3-550B-FB3C-861A362C1B26</generatorID>
<ownerDesignName>BoutiqueGuitar</ownerDesignName>
<useDomainConstraints>false</useDomainConstraints>
<use>1</use>
<logicalDatatype>LOGDT026</logicalDatatype>
<dataTypePrecision>10</dataTypePrecision>
<dataTypeScale>2</dataTypeScale>
<ownDataTypeParameters>,10,2</ownDataTypeParameters>
<autoIncrementCycle>false</autoIncrementCycle>
</Column>
<Column name="Supplier_nom" id="CFB6BAFD-FC61-78B5-8BEC-F579E1CA14FE">
<createdBy>a8077</createdBy>
<createdTime>2025-05-06 00:25:20 UTC</createdTime>
<generatorID>FC0E8339-B523-3323-3474-E889FE0A56D6</generatorID>
<ownerDesignName>BoutiqueGuitar</ownerDesignName>
<nullsAllowed>true</nullsAllowed>
<useDomainConstraints>false</useDomainConstraints>
<use>1</use>
<logicalDatatype>LOGDT024</logicalDatatype>
<dataTypeSize>255</dataTypeSize>
<ownDataTypeParameters>,,</ownDataTypeParameters>
<previousColumn>false</previousColumn>
<autoIncrementCycle>false</autoIncrementCycle>
<associations>
<colAssociation fkAssociation="79318575-D670-9227-5CB2-47C0772E0FAB" referredColumn="6C77BFD2-E4AB-2046-E7B6-49F51DCD1468"/>
</associations>
</Column>
<Column name="Category_category" id="A33501E5-9DED-17E3-6290-66D3DDBD3889">
<createdBy>a8077</createdBy>
<createdTime>2025-05-06 00:25:20 UTC</createdTime>
<generatorID>A20143CF-A639-5771-4ADC-CD41B04CDB14</generatorID>
<ownerDesignName>BoutiqueGuitar</ownerDesignName>
<nullsAllowed>true</nullsAllowed>
<useDomainConstraints>false</useDomainConstraints>
<use>1</use>
<logicalDatatype>LOGDT024</logicalDatatype>
<dataTypeSize>255</dataTypeSize>
<ownDataTypeParameters>,,</ownDataTypeParameters>
<previousColumn>false</previousColumn>
<autoIncrementCycle>false</autoIncrementCycle>
<associations>
<colAssociation fkAssociation="1C197023-38F9-7056-F131-DB2AC6B0F4C5" referredColumn="E32FF5D6-3461-6484-A1C2-27B7BBEF794B"/>
</associations>
</Column>
</columns>
<indexes itemClass="oracle.dbtools.crest.model.design.relational.Index">
<ind_PK_UK id="6AFCA77F-C135-9CCC-75A1-5C2E5AEE602B" name="Produit_PK">
<createdBy>a8077</createdBy>
<createdTime>2025-05-06 00:25:20 UTC</createdTime>
<generatorID>F41B5E91-46B5-F93C-CEE5-5B351382E330</generatorID>
<ownerDesignName>BoutiqueGuitar</ownerDesignName>
<pk>true</pk>
<indexState>Primary Constraint</indexState>
<isSurrogateKey>false</isSurrogateKey>
<indexColumnUsage>
<colUsage columnID="0FD5F687-5B57-68C7-6CFA-3A833608F5CC"/>
<colUsage columnID="F58E4848-8488-CA2E-1418-A1C1E08E4056"/>
<colUsage columnID="074C9061-D865-63AF-81ED-36DF976E07B8"/>
</indexColumnUsage>
</ind_PK_UK>
<ind_PK_UK id="91DA2C46-49AA-4100-32DC-FDF51B2D2CF9" name="Produit_Supplier_FK">
<createdBy>a8077</createdBy>
<createdTime>2025-05-06 00:25:20 UTC</createdTime>
<generatorID>5BB5316C-1338-9282-043F-46002A8CD903</generatorID>
<ownerDesignName>BoutiqueGuitar</ownerDesignName>
<indexState>Foreign Key</indexState>
<isSurrogateKey>false</isSurrogateKey>
<indexColumnUsage>
<colUsage columnID="CFB6BAFD-FC61-78B5-8BEC-F579E1CA14FE"/>
</indexColumnUsage>
</ind_PK_UK>
<ind_PK_UK id="8D67E2FA-C942-9535-8DCB-273D2C4D0ECD" name="Produit_Category_FK">
<createdBy>a8077</createdBy>
<createdTime>2025-05-06 00:25:20 UTC</createdTime>
<generatorID>834EC661-A3DD-D5F4-334C-3B61936B3D26</generatorID>
<ownerDesignName>BoutiqueGuitar</ownerDesignName>
<indexState>Foreign Key</indexState>
<isSurrogateKey>false</isSurrogateKey>
<indexColumnUsage>
<colUsage columnID="A33501E5-9DED-17E3-6290-66D3DDBD3889"/>
</indexColumnUsage>
</ind_PK_UK>
</indexes>
</Table>