<?xml version = '1.0' encoding = 'UTF-8'?>
<Table class="oracle.dbtools.crest.model.design.relational.Table" directorySegmentName="seg_0" id="98B1F640-6D22-B6C0-F8EF-355C8977AF1C" name="Inventaire">
<createdBy>a8077</createdBy>
<createdTime>2025-05-06 00:25:20 UTC</createdTime>
<generatorID>8AA8F6D2-C13F-17E2-B9DD-1DB588E1E577</generatorID>
<ownerDesignName>BoutiqueGuitar</ownerDesignName>
<allowColumnReorder>false</allowColumnReorder>
<existDependencyGenerateInDDl>true</existDependencyGenerateInDDl>
<parsed>true</parsed>
<columns itemClass="oracle.dbtools.crest.model.design.relational.Column">
<Column name="Inventaire_id" id="BB3C46DF-2F42-A75E-B4C1-F22509543F9B">
<createdBy>a8077</createdBy>
<createdTime>2025-05-06 00:25:20 UTC</createdTime>
<generatorID>2D7B7599-1B3D-8B29-ADB4-82FB09BEC38F</generatorID>
<ownerDesignName>BoutiqueGuitar</ownerDesignName>
<useDomainConstraints>false</useDomainConstraints>
<use>1</use>
<logicalDatatype>LOGDT011</logicalDatatype>
<ownDataTypeParameters>,,</ownDataTypeParameters>
<autoIncrementCycle>false</autoIncrementCycle>
</Column>
<Column name="produit_id" id="15E04727-10B9-8F84-0894-63FF9A2B6039">
<createdBy>a8077</createdBy>
<createdTime>2025-05-06 00:25:20 UTC</createdTime>
<generatorID>CE75E6F2-E4B9-C0D5-D92A-0308F930409C</generatorID>
<ownerDesignName>BoutiqueGuitar</ownerDesignName>
<useDomainConstraints>false</useDomainConstraints>
<use>1</use>
<logicalDatatype>LOGDT011</logicalDatatype>
<ownDataTypeParameters>,,</ownDataTypeParameters>
<autoIncrementCycle>false</autoIncrementCycle>
</Column>
<Column name="quantite" id="B0609F8C-4E3E-FFD6-755B-DE7E08F4B867">
<createdBy>a8077</createdBy>
<createdTime>2025-05-06 00:25:20 UTC</createdTime>
<generatorID>35DC51C7-9B1D-7134-542C-7CF0EDAB0A09</generatorID>
<ownerDesignName>BoutiqueGuitar</ownerDesignName>
<useDomainConstraints>false</useDomainConstraints>
<use>1</use>
<logicalDatatype>LOGDT011</logicalDatatype>
<ownDataTypeParameters>,,</ownDataTypeParameters>
<autoIncrementCycle>false</autoIncrementCycle>
</Column>
<Column name="nom" id="0D2803F1-0C92-F8CA-4FC6-86B2E8E0F681">
<createdBy>a8077</createdBy>
<createdTime>2025-05-06 00:25:20 UTC</createdTime>
<generatorID>85827270-F115-3B06-8F8A-7D79A0A26EEB</generatorID>
<ownerDesignName>BoutiqueGuitar</ownerDesignName>
<useDomainConstraints>false</useDomainConstraints>
<use>1</use>
<logicalDatatype>LOGDT024</logicalDatatype>
<dataTypeSize>255</dataTypeSize>
<ownDataTypeParameters>255,,</ownDataTypeParameters>
<autoIncrementCycle>false</autoIncrementCycle>
</Column>
<Column name="location" id="45AD1ABA-ACAB-AE57-DAF3-53EE29C24FD8">
<createdBy>a8077</createdBy>
<createdTime>2025-05-06 00:25:20 UTC</createdTime>
<generatorID>232AE422-3E32-7F45-CACD-1BFFDC2C415E</generatorID>
<ownerDesignName>BoutiqueGuitar</ownerDesignName>
<useDomainConstraints>false</useDomainConstraints>
<use>1</use>
<logicalDatatype>LOGDT024</logicalDatatype>
<dataTypeSize>255</dataTypeSize>
<ownDataTypeParameters>255,,</ownDataTypeParameters>
<autoIncrementCycle>false</autoIncrementCycle>
</Column>
<Column name="Produit_produit_id" id="48B1673F-E8D3-4D68-CFA4-1E2077F864AA">
<createdBy>a8077</createdBy>
<createdTime>2025-05-06 00:25:20 UTC</createdTime>
<generatorID>FA32294D-0917-9C06-7018-9BAF56590FF8</generatorID>
<ownerDesignName>BoutiqueGuitar</ownerDesignName>
<nullsAllowed>true</nullsAllowed>
<useDomainConstraints>false</useDomainConstraints>
<use>1</use>
<logicalDatatype>LOGDT011</logicalDatatype>
<ownDataTypeParameters>,,</ownDataTypeParameters>
<previousColumn>false</previousColumn>
<autoIncrementCycle>false</autoIncrementCycle>
<associations>
<colAssociation fkAssociation="AD6B2976-90DA-98F4-BAE8-62C43E2ACA9F" referredColumn="0FD5F687-5B57-68C7-6CFA-3A833608F5CC"/>
</associations>
</Column>
<Column name="Produit_Nom" id="B2FECAAC-8ED1-F056-D63F-A49CB685B064">
<createdBy>a8077</createdBy>
<createdTime>2025-05-06 00:25:20 UTC</createdTime>
<generatorID>9740A027-77ED-3D95-DEAA-2FBFC206093E</generatorID>
<ownerDesignName>BoutiqueGuitar</ownerDesignName>
<nullsAllowed>true</nullsAllowed>
<useDomainConstraints>false</useDomainConstraints>
<use>1</use>
<logicalDatatype>LOGDT024</logicalDatatype>
<dataTypeSize>255</dataTypeSize>
<ownDataTypeParameters>,,</ownDataTypeParameters>
<previousColumn>false</previousColumn>
<autoIncrementCycle>false</autoIncrementCycle>
<associations>
<colAssociation fkAssociation="AD6B2976-90DA-98F4-BAE8-62C43E2ACA9F" referredColumn="F58E4848-8488-CA2E-1418-A1C1E08E4056"/>
</associations>
</Column>
<Column name="Produit_price" id="9FA98E28-9A02-7075-5D2D-8D2535007AD2">
<createdBy>a8077</createdBy>
<createdTime>2025-05-06 00:25:20 UTC</createdTime>
<generatorID>C8850F63-9BF0-BEC8-9332-75A96EC94D83</generatorID>
<ownerDesignName>BoutiqueGuitar</ownerDesignName>
<nullsAllowed>true</nullsAllowed>
<useDomainConstraints>false</useDomainConstraints>
<use>1</use>
<logicalDatatype>LOGDT026</logicalDatatype>
<dataTypePrecision>10</dataTypePrecision>
<dataTypeScale>2</dataTypeScale>
<ownDataTypeParameters>,,</ownDataTypeParameters>
<previousColumn>false</previousColumn>
<autoIncrementCycle>false</autoIncrementCycle>
<associations>
<colAssociation fkAssociation="AD6B2976-90DA-98F4-BAE8-62C43E2ACA9F" referredColumn="074C9061-D865-63AF-81ED-36DF976E07B8"/>
</associations>
</Column>
</columns>
<indexes itemClass="oracle.dbtools.crest.model.design.relational.Index">
<ind_PK_UK id="CF7CE73F-243C-D0A2-63FD-22CB4D182CED" name="Inventaire_PK">
<createdBy>a8077</createdBy>
<createdTime>2025-05-06 00:25:20 UTC</createdTime>
<generatorID>0CD3FEAC-0B9A-AE88-0F55-2261504A378A</generatorID>
<ownerDesignName>BoutiqueGuitar</ownerDesignName>
<pk>true</pk>
<indexState>Primary Constraint</indexState>
<isSurrogateKey>false</isSurrogateKey>
<indexColumnUsage>
<colUsage columnID="BB3C46DF-2F42-A75E-B4C1-F22509543F9B"/>
<colUsage columnID="B0609F8C-4E3E-FFD6-755B-DE7E08F4B867"/>
<colUsage columnID="15E04727-10B9-8F84-0894-63FF9A2B6039"/>
<colUsage columnID="45AD1ABA-ACAB-AE57-DAF3-53EE29C24FD8"/>
</indexColumnUsage>
</ind_PK_UK>
<ind_PK_UK id="210967A4-BFD7-146C-B561-D54C87E13641" name="Inventaire_Produit_FK">
<createdBy>a8077</createdBy>
<createdTime>2025-05-06 00:25:20 UTC</createdTime>
<generatorID>A5C50395-4863-4ADA-7464-9D9AB15D0AD5</generatorID>
<ownerDesignName>BoutiqueGuitar</ownerDesignName>
<indexState>Foreign Key</indexState>
<isSurrogateKey>false</isSurrogateKey>
<indexColumnUsage>
<colUsage columnID="48B1673F-E8D3-4D68-CFA4-1E2077F864AA"/>
<colUsage columnID="B2FECAAC-8ED1-F056-D63F-A49CB685B064"/>
<colUsage columnID="9FA98E28-9A02-7075-5D2D-8D2535007AD2"/>
</indexColumnUsage>
</ind_PK_UK>
</indexes>
</Table>