<?xml version = '1.0' encoding = 'UTF-8'?>
<Table class="oracle.dbtools.crest.model.design.relational.Table" directorySegmentName="seg_0" id="B4BCE2BC-02A6-B5AC-77CB-A9AFFE4895E8" name="Category">
<createdBy>a8077</createdBy>
<createdTime>2025-05-06 00:25:20 UTC</createdTime>
<generatorID>0E175D80-A9F7-F2F6-F72B-347BCE206664</generatorID>
<ownerDesignName>BoutiqueGuitar</ownerDesignName>
<allowColumnReorder>false</allowColumnReorder>
<existDependencyGenerateInDDl>true</existDependencyGenerateInDDl>
<parsed>true</parsed>
<columns itemClass="oracle.dbtools.crest.model.design.relational.Column">
<Column name="category" id="E32FF5D6-3461-6484-A1C2-27B7BBEF794B">
<createdBy>a8077</createdBy>
<createdTime>2025-05-06 00:25:20 UTC</createdTime>
<generatorID>9542255D-748D-704D-4CB6-944A7859BB09</generatorID>
<ownerDesignName>BoutiqueGuitar</ownerDesignName>
<useDomainConstraints>false</useDomainConstraints>
<use>1</use>
<logicalDatatype>LOGDT024</logicalDatatype>
<dataTypeSize>255</dataTypeSize>
<ownDataTypeParameters>255,,</ownDataTypeParameters>
<autoIncrementCycle>false</autoIncrementCycle>
</Column>
<Column name="nom" id="F5AD95FB-C5B1-A7DE-FC5F-76BE2191AC74">
<createdBy>a8077</createdBy>
<createdTime>2025-05-06 00:25:20 UTC</createdTime>
<generatorID>83283462-4051-1AE2-BF77-84F324C73E01</generatorID>
<ownerDesignName>BoutiqueGuitar</ownerDesignName>
<nullsAllowed>true</nullsAllowed>
<useDomainConstraints>false</useDomainConstraints>
<use>1</use>
<logicalDatatype>LOGDT024</logicalDatatype>
<dataTypeSize>255</dataTypeSize>
<ownDataTypeParameters>255,,</ownDataTypeParameters>
<autoIncrementCycle>false</autoIncrementCycle>
</Column>
</columns>
<indexes itemClass="oracle.dbtools.crest.model.design.relational.Index">
<ind_PK_UK id="D9A3C030-1816-623C-55F9-AF9EF941C8A5" name="Category_PK">
<createdBy>a8077</createdBy>
<createdTime>2025-05-06 00:25:20 UTC</createdTime>
<generatorID>75B57410-263F-1933-1B84-538383530DD6</generatorID>
<ownerDesignName>BoutiqueGuitar</ownerDesignName>
<pk>true</pk>
<indexState>Primary Constraint</indexState>
<isSurrogateKey>false</isSurrogateKey>
<indexColumnUsage>
<colUsage columnID="E32FF5D6-3461-6484-A1C2-27B7BBEF794B"/>
</indexColumnUsage>
</ind_PK_UK>
</indexes>
</Table>