<?xml version = '1.0' encoding = 'UTF-8'?>
<Table class="oracle.dbtools.crest.model.design.relational.Table" directorySegmentName="seg_0" id="D87FA64B-2F82-71DB-31E0-FFDB3FD81908" name="Ordre_d&apos;achate">
<createdBy>a8077</createdBy>
<createdTime>2025-05-06 00:25:20 UTC</createdTime>
<generatorID>AEE75DF4-7838-3903-C7E8-FD6537DAFC39</generatorID>
<ownerDesignName>BoutiqueGuitar</ownerDesignName>
<allowColumnReorder>false</allowColumnReorder>
<existDependencyGenerateInDDl>true</existDependencyGenerateInDDl>
<parsed>true</parsed>
<columns itemClass="oracle.dbtools.crest.model.design.relational.Column">
<Column name="ordre_id" id="3B91AAF0-EB7D-36AA-10AD-9433D94EF1E5">
<createdBy>a8077</createdBy>
<createdTime>2025-05-06 00:25:20 UTC</createdTime>
<generatorID>E573DA52-FE38-EF9D-9FFA-CEFCDD44CA39</generatorID>
<ownerDesignName>BoutiqueGuitar</ownerDesignName>
<useDomainConstraints>false</useDomainConstraints>
<use>1</use>
<logicalDatatype>LOGDT011</logicalDatatype>
<ownDataTypeParameters>,,</ownDataTypeParameters>
<autoIncrementCycle>false</autoIncrementCycle>
</Column>
<Column name="supplier_id" id="CF5989FC-B361-4E87-ED67-48AC36FDA7A7">
<createdBy>a8077</createdBy>
<createdTime>2025-05-06 00:25:20 UTC</createdTime>
<generatorID>DB0C2C89-DDBF-DE13-A21A-D448DAE59565</generatorID>
<ownerDesignName>BoutiqueGuitar</ownerDesignName>
<useDomainConstraints>false</useDomainConstraints>
<use>1</use>
<logicalDatatype>LOGDT011</logicalDatatype>
<ownDataTypeParameters>,,</ownDataTypeParameters>
<autoIncrementCycle>false</autoIncrementCycle>
</Column>
<Column name="ordre_date" id="7A0F074B-96C0-7179-E416-442FD1DFC1DA">
<createdBy>a8077</createdBy>
<createdTime>2025-05-06 00:25:20 UTC</createdTime>
<generatorID>53E509AA-EB8D-8F55-8123-4ECD2BBEE7D4</generatorID>
<ownerDesignName>BoutiqueGuitar</ownerDesignName>
<nullsAllowed>true</nullsAllowed>
<useDomainConstraints>false</useDomainConstraints>
<use>1</use>
<logicalDatatype>LOGDT007</logicalDatatype>
<ownDataTypeParameters>,,</ownDataTypeParameters>
<autoIncrementCycle>false</autoIncrementCycle>
</Column>
<Column name="Supplier_nom" id="E1B2A623-35CC-485E-A6CA-C1A99E51A8EA">
<createdBy>a8077</createdBy>
<createdTime>2025-05-06 00:25:20 UTC</createdTime>
<generatorID>ED025BE0-8FCD-6EAD-8C6D-99020AE6BFA3</generatorID>
<ownerDesignName>BoutiqueGuitar</ownerDesignName>
<nullsAllowed>true</nullsAllowed>
<useDomainConstraints>false</useDomainConstraints>
<use>1</use>
<logicalDatatype>LOGDT024</logicalDatatype>
<dataTypeSize>255</dataTypeSize>
<ownDataTypeParameters>,,</ownDataTypeParameters>
<previousColumn>false</previousColumn>
<autoIncrementCycle>false</autoIncrementCycle>
<associations>
<colAssociation fkAssociation="73E85E76-8FF6-8B88-B27B-50A3E32568E6" referredColumn="6C77BFD2-E4AB-2046-E7B6-49F51DCD1468"/>
</associations>
</Column>
</columns>
<indexes itemClass="oracle.dbtools.crest.model.design.relational.Index">
<ind_PK_UK id="40B36356-C6A9-45B5-8D7D-9BD2039CA394" name="Ordre_d&apos;achate_PK">
<createdBy>a8077</createdBy>
<createdTime>2025-05-06 00:25:20 UTC</createdTime>
<generatorID>10831972-8D5B-8DAA-0285-E0F3DC69D524</generatorID>
<ownerDesignName>BoutiqueGuitar</ownerDesignName>
<pk>true</pk>
<indexState>Primary Constraint</indexState>
<isSurrogateKey>false</isSurrogateKey>
<indexColumnUsage>
<colUsage columnID="3B91AAF0-EB7D-36AA-10AD-9433D94EF1E5"/>
</indexColumnUsage>
</ind_PK_UK>
<ind_PK_UK id="A076056C-B0F1-2EBB-C226-DAD9E95CAD12" name="Ordre_d&apos;achate_Supplier_FK">
<createdBy>a8077</createdBy>
<createdTime>2025-05-06 00:25:20 UTC</createdTime>
<generatorID>5463A7EE-36CD-9A97-143D-CE19387A48E2</generatorID>
<ownerDesignName>BoutiqueGuitar</ownerDesignName>
<indexState>Foreign Key</indexState>
<isSurrogateKey>false</isSurrogateKey>
<indexColumnUsage>
<colUsage columnID="E1B2A623-35CC-485E-A6CA-C1A99E51A8EA"/>
</indexColumnUsage>
</ind_PK_UK>
</indexes>
</Table>