<?xml version = '1.0' encoding = 'UTF-8'?>
<Table class="oracle.dbtools.crest.model.design.relational.Table" directorySegmentName="seg_0" id="F132A9E1-8722-8F2B-929F-9949962D5765" name="Detail_d&apos;achate">
<createdBy>a8077</createdBy>
<createdTime>2025-05-06 00:25:20 UTC</createdTime>
<generatorID>84FC7839-5B3A-CA1D-04BB-910BCEF4A19F</generatorID>
<ownerDesignName>BoutiqueGuitar</ownerDesignName>
<allowColumnReorder>false</allowColumnReorder>
<existDependencyGenerateInDDl>true</existDependencyGenerateInDDl>
<parsed>true</parsed>
<columns itemClass="oracle.dbtools.crest.model.design.relational.Column">
<Column name="ordre_id" id="CCA43D1D-527B-387F-B9BD-C428A62F7AA5">
<createdBy>a8077</createdBy>
<createdTime>2025-05-06 00:25:20 UTC</createdTime>
<generatorID>4A11B59A-EE6C-F341-D913-DECD3FFDAF93</generatorID>
<ownerDesignName>BoutiqueGuitar</ownerDesignName>
<useDomainConstraints>false</useDomainConstraints>
<use>1</use>
<ownDataTypeParameters>,,</ownDataTypeParameters>
<autoIncrementCycle>false</autoIncrementCycle>
</Column>
<Column name="produit_id" id="3EB2F689-DA46-130A-B6D1-E1FECD3F92C1">
<createdBy>a8077</createdBy>
<createdTime>2025-05-06 00:25:20 UTC</createdTime>
<generatorID>6CDC84BE-4A7F-6A9A-974D-9F69259DC9EA</generatorID>
<ownerDesignName>BoutiqueGuitar</ownerDesignName>
<useDomainConstraints>false</useDomainConstraints>
<use>1</use>
<logicalDatatype>LOGDT011</logicalDatatype>
<ownDataTypeParameters>,,</ownDataTypeParameters>
<autoIncrementCycle>false</autoIncrementCycle>
</Column>
<Column name="quantite" id="758DF253-2256-E4B9-BDE7-6EE8735C0119">
<createdBy>a8077</createdBy>
<createdTime>2025-05-06 00:25:20 UTC</createdTime>
<generatorID>77AAF157-AF01-8DAD-FF34-BF4FEF41EF3D</generatorID>
<ownerDesignName>BoutiqueGuitar</ownerDesignName>
<nullsAllowed>true</nullsAllowed>
<useDomainConstraints>false</useDomainConstraints>
<use>1</use>
<logicalDatatype>LOGDT011</logicalDatatype>
<ownDataTypeParameters>,,</ownDataTypeParameters>
<autoIncrementCycle>false</autoIncrementCycle>
</Column>
<Column name="price_unit" id="0ED717EE-BD18-18D0-1D26-B59B373D5D4D">
<createdBy>a8077</createdBy>
<createdTime>2025-05-06 00:25:20 UTC</createdTime>
<generatorID>D2F5DDD7-F354-2E32-A3B2-96D5DB1C3A32</generatorID>
<ownerDesignName>BoutiqueGuitar</ownerDesignName>
<useDomainConstraints>false</useDomainConstraints>
<use>1</use>
<logicalDatatype>LOGDT026</logicalDatatype>
<dataTypePrecision>10</dataTypePrecision>
<dataTypeScale>2</dataTypeScale>
<ownDataTypeParameters>,10,2</ownDataTypeParameters>
<autoIncrementCycle>false</autoIncrementCycle>
</Column>
<Column name="Ordre_d&apos;achate_ordre_id" id="D605A890-F0F2-402E-4D6B-3A9E7509F322">
<createdBy>a8077</createdBy>
<createdTime>2025-05-06 00:27:46 UTC</createdTime>
<generatorID>5AB221FC-F03F-CD76-D8BA-78B1DCBF6987</generatorID>
<ownerDesignName>BoutiqueGuitar</ownerDesignName>
<nullsAllowed>true</nullsAllowed>
<useDomainConstraints>false</useDomainConstraints>
<use>1</use>
<logicalDatatype>LOGDT011</logicalDatatype>
<ownDataTypeParameters>,,</ownDataTypeParameters>
<previousColumn>false</previousColumn>
<autoIncrementCycle>false</autoIncrementCycle>
<associations>
<colAssociation fkAssociation="3D591B95-D02A-6CEB-83D7-F60C724E33A9" referredColumn="3B91AAF0-EB7D-36AA-10AD-9433D94EF1E5"/>
</associations>
</Column>
</columns>
<indexes itemClass="oracle.dbtools.crest.model.design.relational.Index">
<ind_PK_UK id="8CE65A74-154F-7E33-5D50-903018CB68BB" name="Detail_d&apos;achate_PK">
<createdBy>a8077</createdBy>
<createdTime>2025-05-06 00:25:20 UTC</createdTime>
<generatorID>33FCC486-C457-A17D-9817-8B8CB6EBBE08</generatorID>
<ownerDesignName>BoutiqueGuitar</ownerDesignName>
<pk>true</pk>
<indexState>Primary Constraint</indexState>
<isSurrogateKey>false</isSurrogateKey>
<indexColumnUsage>
<colUsage columnID="CCA43D1D-527B-387F-B9BD-C428A62F7AA5"/>
<colUsage columnID="3EB2F689-DA46-130A-B6D1-E1FECD3F92C1"/>
<colUsage columnID="0ED717EE-BD18-18D0-1D26-B59B373D5D4D"/>
</indexColumnUsage>
</ind_PK_UK>
<ind_PK_UK id="96D594AC-D610-39E3-B965-65908645D50A" name="Detail_d&apos;achate_Ordre_d&apos;achate_FK">
<createdBy>a8077</createdBy>
<createdTime>2025-05-06 00:27:46 UTC</createdTime>
<generatorID>09F66329-096B-29FF-8503-1C0ED4A0694A</generatorID>
<ownerDesignName>BoutiqueGuitar</ownerDesignName>
<indexState>Foreign Key</indexState>
<isSurrogateKey>false</isSurrogateKey>
<indexColumnUsage>
<colUsage columnID="D605A890-F0F2-402E-4D6B-3A9E7509F322"/>
</indexColumnUsage>
</ind_PK_UK>
</indexes>
</Table>