<?xml version = '1.0' encoding = 'UTF-8'?>
<Relation class="oracle.dbtools.crest.model.design.logical.Relation" name="Relation_16" directorySegmentName="seg_0" id="09F66329-096B-29FF-8503-1C0ED4A0694A">
<createdBy>a8077</createdBy>
<createdTime>2025-05-06 00:19:28 UTC</createdTime>
<ownerDesignName>BoutiqueGuitar</ownerDesignName>
<engineerTo>
<item key="63B0BF88-31C0-7B97-A1C0-A337F29F38BB" value="true"/>
</engineerTo>
<sourcePk>10831972-8D5B-8DAA-0285-E0F3DC69D524</sourcePk>
<identifying>false</identifying>
<optionalSource>true</optionalSource>
<optionalTarget>true</optionalTarget>
<sourceCardinality>1</sourceCardinality>
<sourceEntity>AEE75DF4-7838-3903-C7E8-FD6537DAFC39</sourceEntity>
<targetCardinalityString>*</targetCardinalityString>
<targetEntity>84FC7839-5B3A-CA1D-04BB-910BCEF4A19F</targetEntity>
<transferable>true</transferable>
<deleteRule>NO ACTION</deleteRule>
</Relation>