<?xml version = '1.0' encoding = 'UTF-8'?>
<Relation class="oracle.dbtools.crest.model.design.logical.Relation" name="Relation_12" directorySegmentName="seg_0" id="5463A7EE-36CD-9A97-143D-CE19387A48E2">
<createdBy>a8077</createdBy>
<createdTime>2025-05-06 00:18:33 UTC</createdTime>
<ownerDesignName>BoutiqueGuitar</ownerDesignName>
<engineerTo>
<item key="63B0BF88-31C0-7B97-A1C0-A337F29F38BB" value="true"/>
</engineerTo>
<sourcePk>A7DA6537-43DE-BECD-7B41-E25CD1BD712D</sourcePk>
<identifying>false</identifying>
<optionalSource>true</optionalSource>
<optionalTarget>true</optionalTarget>
<sourceCardinality>1</sourceCardinality>
<sourceEntity>14D925EE-13B6-575B-B2E4-60AC2C6491D9</sourceEntity>
<targetCardinalityString>*</targetCardinalityString>
<targetEntity>AEE75DF4-7838-3903-C7E8-FD6537DAFC39</targetEntity>
<transferable>true</transferable>
<deleteRule>NO ACTION</deleteRule>
</Relation>