<?xml version = '1.0' encoding = 'UTF-8'?>
<Relation class="oracle.dbtools.crest.model.design.logical.Relation" name="Relation_9" directorySegmentName="seg_0" id="834EC661-A3DD-D5F4-334C-3B61936B3D26">
<createdBy>a8077</createdBy>
<createdTime>2025-05-06 00:18:04 UTC</createdTime>
<ownerDesignName>BoutiqueGuitar</ownerDesignName>
<engineerTo>
<item key="63B0BF88-31C0-7B97-A1C0-A337F29F38BB" value="true"/>
</engineerTo>
<sourcePk>75B57410-263F-1933-1B84-538383530DD6</sourcePk>
<identifying>false</identifying>
<optionalSource>true</optionalSource>
<optionalTarget>true</optionalTarget>
<sourceCardinality>1</sourceCardinality>
<sourceEntity>0E175D80-A9F7-F2F6-F72B-347BCE206664</sourceEntity>
<targetCardinalityString>*</targetCardinalityString>
<targetEntity>29585BDE-D723-7CFA-BA3B-9F694D5B8F2E</targetEntity>
<transferable>true</transferable>
<deleteRule>NO ACTION</deleteRule>
</Relation>