<?xml version = '1.0' encoding = 'UTF-8'?>
<Relation class="oracle.dbtools.crest.model.design.logical.Relation" name="Relation_4" directorySegmentName="seg_0" id="A5C50395-4863-4ADA-7464-9D9AB15D0AD5">
<createdBy>a8077</createdBy>
<createdTime>2025-05-06 00:15:55 UTC</createdTime>
<ownerDesignName>BoutiqueGuitar</ownerDesignName>
<engineerTo>
<item key="63B0BF88-31C0-7B97-A1C0-A337F29F38BB" value="true"/>
</engineerTo>
<sourcePk>0CD3FEAC-0B9A-AE88-0F55-2261504A378A</sourcePk>
<targetPk>F41B5E91-46B5-F93C-CEE5-5B351382E330</targetPk>
<identifying>false</identifying>
<optionalSource>true</optionalSource>
<optionalTarget>true</optionalTarget>
<sourceCardinality>*</sourceCardinality>
<sourceEntity>8AA8F6D2-C13F-17E2-B9DD-1DB588E1E577</sourceEntity>
<targetCardinalityString>1</targetCardinalityString>
<targetEntity>29585BDE-D723-7CFA-BA3B-9F694D5B8F2E</targetEntity>
<transferable>true</transferable>
<deleteRule>NO ACTION</deleteRule>
</Relation>