<?xml version = '1.0' encoding = 'UTF-8'?>
<FKIndexAssociation class="oracle.dbtools.crest.model.design.relational.FKIndexAssociation" directorySegmentName="seg_0" id="1C197023-38F9-7056-F131-DB2AC6B0F4C5" containerWithKeyObject="7FCFD945-D5A7-C7CB-B30B-292838F58D33" localFKIndex="8D67E2FA-C942-9535-8DCB-273D2C4D0ECD" name="Produit_Category_FK">
<createdBy>a8077</createdBy>
<createdTime>2025-05-06 00:25:20 UTC</createdTime>
<generatorID>834EC661-A3DD-D5F4-334C-3B61936B3D26</generatorID>
<ownerDesignName>BoutiqueGuitar</ownerDesignName>
<referredTableLongName>Category</referredTableLongName>
<deleteRule>NO ACTION</deleteRule>
<referredTableID>B4BCE2BC-02A6-B5AC-77CB-A9AFFE4895E8</referredTableID>
<keyObject>D9A3C030-1816-623C-55F9-AF9EF941C8A5</keyObject>
<referredKeyID>D9A3C030-1816-623C-55F9-AF9EF941C8A5</referredKeyID>
<mandatory>false</mandatory>
<refColNames>category</refColNames>
<transferable>true</transferable>
<rely>false</rely>
<columnDependencyConstraintGenerateInDDL>true</columnDependencyConstraintGenerateInDDL>
</FKIndexAssociation>