<?xml version = '1.0' encoding = 'UTF-8'?>
<FKIndexAssociation class="oracle.dbtools.crest.model.design.relational.FKIndexAssociation" directorySegmentName="seg_0" id="3D591B95-D02A-6CEB-83D7-F60C724E33A9" containerWithKeyObject="F132A9E1-8722-8F2B-929F-9949962D5765" localFKIndex="96D594AC-D610-39E3-B965-65908645D50A" name="Detail_d&apos;achate_Ordre_d&apos;achate_FK">
<createdBy>a8077</createdBy>
<createdTime>2025-05-06 00:27:46 UTC</createdTime>
<generatorID>09F66329-096B-29FF-8503-1C0ED4A0694A</generatorID>
<ownerDesignName>BoutiqueGuitar</ownerDesignName>
<referredTableLongName>Ordre_d&apos;achate</referredTableLongName>
<deleteRule>NO ACTION</deleteRule>
<referredTableID>D87FA64B-2F82-71DB-31E0-FFDB3FD81908</referredTableID>
<keyObject>40B36356-C6A9-45B5-8D7D-9BD2039CA394</keyObject>
<referredKeyID>40B36356-C6A9-45B5-8D7D-9BD2039CA394</referredKeyID>
<mandatory>false</mandatory>
<refColNames>ordre_id</refColNames>
<transferable>true</transferable>
<rely>false</rely>
<columnDependencyConstraintGenerateInDDL>true</columnDependencyConstraintGenerateInDDL>
</FKIndexAssociation>