<?xml version = '1.0' encoding = 'UTF-8'?>
<FKIndexAssociation class="oracle.dbtools.crest.model.design.relational.FKIndexAssociation" directorySegmentName="seg_0" id="73E85E76-8FF6-8B88-B27B-50A3E32568E6" containerWithKeyObject="D87FA64B-2F82-71DB-31E0-FFDB3FD81908" localFKIndex="A076056C-B0F1-2EBB-C226-DAD9E95CAD12" name="Ordre_d&apos;achate_Supplier_FK">
<createdBy>a8077</createdBy>
<createdTime>2025-05-06 00:25:20 UTC</createdTime>
<generatorID>5463A7EE-36CD-9A97-143D-CE19387A48E2</generatorID>
<ownerDesignName>BoutiqueGuitar</ownerDesignName>
<referredTableLongName>Supplier</referredTableLongName>
<deleteRule>NO ACTION</deleteRule>
<referredTableID>847F38AB-511D-1C67-8227-B4E27057B620</referredTableID>
<keyObject>C68D92E4-13A1-702E-6FE5-1C3DF075C62B</keyObject>
<referredKeyID>C68D92E4-13A1-702E-6FE5-1C3DF075C62B</referredKeyID>
<mandatory>false</mandatory>
<refColNames>nom</refColNames>
<transferable>true</transferable>
<rely>false</rely>
<columnDependencyConstraintGenerateInDDL>true</columnDependencyConstraintGenerateInDDL>
</FKIndexAssociation>