<?xml version = '1.0' encoding = 'UTF-8'?>
<FKIndexAssociation class="oracle.dbtools.crest.model.design.relational.FKIndexAssociation" directorySegmentName="seg_0" id="79318575-D670-9227-5CB2-47C0772E0FAB" containerWithKeyObject="7FCFD945-D5A7-C7CB-B30B-292838F58D33" localFKIndex="91DA2C46-49AA-4100-32DC-FDF51B2D2CF9" name="Produit_Supplier_FK">
<createdBy>a8077</createdBy>
<createdTime>2025-05-06 00:25:20 UTC</createdTime>
<generatorID>5BB5316C-1338-9282-043F-46002A8CD903</generatorID>
<ownerDesignName>BoutiqueGuitar</ownerDesignName>
<referredTableLongName>Supplier</referredTableLongName>
<deleteRule>NO ACTION</deleteRule>
<referredTableID>847F38AB-511D-1C67-8227-B4E27057B620</referredTableID>
<keyObject>C68D92E4-13A1-702E-6FE5-1C3DF075C62B</keyObject>
<referredKeyID>C68D92E4-13A1-702E-6FE5-1C3DF075C62B</referredKeyID>
<mandatory>false</mandatory>
<refColNames>nom</refColNames>
<transferable>true</transferable>
<rely>false</rely>
<columnDependencyConstraintGenerateInDDL>true</columnDependencyConstraintGenerateInDDL>
</FKIndexAssociation>