<?xml version = '1.0' encoding = 'UTF-8'?>
<FKIndexAssociation class="oracle.dbtools.crest.model.design.relational.FKIndexAssociation" directorySegmentName="seg_0" id="AD6B2976-90DA-98F4-BAE8-62C43E2ACA9F" containerWithKeyObject="98B1F640-6D22-B6C0-F8EF-355C8977AF1C" localFKIndex="210967A4-BFD7-146C-B561-D54C87E13641" name="Inventaire_Produit_FK">
<createdBy>a8077</createdBy>
<createdTime>2025-05-06 00:25:20 UTC</createdTime>
<generatorID>A5C50395-4863-4ADA-7464-9D9AB15D0AD5</generatorID>
<ownerDesignName>BoutiqueGuitar</ownerDesignName>
<referredTableLongName>Produit</referredTableLongName>
<deleteRule>NO ACTION</deleteRule>
<referredTableID>7FCFD945-D5A7-C7CB-B30B-292838F58D33</referredTableID>
<keyObject>6AFCA77F-C135-9CCC-75A1-5C2E5AEE602B</keyObject>
<referredKeyID>6AFCA77F-C135-9CCC-75A1-5C2E5AEE602B</referredKeyID>
<mandatory>false</mandatory>
<refColNames>produit_id,Nom,price</refColNames>
<transferable>true</transferable>
<rely>false</rely>
<columnDependencyConstraintGenerateInDDL>true</columnDependencyConstraintGenerateInDDL>
</FKIndexAssociation>