<?xml version = '1.0' encoding = 'UTF-8'?>
<TableProxyOraclev20c class="oracle.dbtools.crest.model.design.storage.oracle.v20c.TableProxyOraclev20c" name="Produit" directorySegmentName="seg_0" id="7FCFD945-D5A7-C7CB-B30B-292838F58D33">
<createdBy>a8077</createdBy>
<createdTime>2025-05-06 00:25:20 UTC</createdTime>
<ownerDesignName>BoutiqueGuitar</ownerDesignName>
<logging>YES</logging>
<partitionedRowMovement>DISABLE</partitionedRowMovement>
<temporaryChanged>false</temporaryChanged>
<accessDriverType>oracle_loader</accessDriverType>
<rejectLimit></rejectLimit>
<columnProxies itemClass="oracle.dbtools.crest.model.design.storage.oracle.v12c.ColumnProxyOraclev12c">
<ColumnProxy name="price" id="074C9061-D865-63AF-81ED-36DF976E07B8">
<createdBy>a8077</createdBy>
<createdTime>2025-05-06 00:25:20 UTC</createdTime>
<ownerDesignName>BoutiqueGuitar</ownerDesignName>
</ColumnProxy>
<ColumnProxy name="produit_id" id="0FD5F687-5B57-68C7-6CFA-3A833608F5CC">
<createdBy>a8077</createdBy>
<createdTime>2025-05-06 00:25:20 UTC</createdTime>
<ownerDesignName>BoutiqueGuitar</ownerDesignName>
</ColumnProxy>
<ColumnProxy name="supplier_id" id="8ADD262F-F832-2DDA-419C-856DAEF70014">
<createdBy>a8077</createdBy>
<createdTime>2025-05-06 00:25:20 UTC</createdTime>
<ownerDesignName>BoutiqueGuitar</ownerDesignName>
</ColumnProxy>
<ColumnProxy name="category_id" id="9C54764E-FA5A-2C39-067D-39F1BFFA1F42">
<createdBy>a8077</createdBy>
<createdTime>2025-05-06 00:25:20 UTC</createdTime>
<ownerDesignName>BoutiqueGuitar</ownerDesignName>
</ColumnProxy>
<ColumnProxy name="Category_category" id="A33501E5-9DED-17E3-6290-66D3DDBD3889">
<createdBy>a8077</createdBy>
<createdTime>2025-05-06 00:25:20 UTC</createdTime>
<ownerDesignName>BoutiqueGuitar</ownerDesignName>
</ColumnProxy>
<ColumnProxy name="Supplier_nom" id="CFB6BAFD-FC61-78B5-8BEC-F579E1CA14FE">
<createdBy>a8077</createdBy>
<createdTime>2025-05-06 00:25:20 UTC</createdTime>
<ownerDesignName>BoutiqueGuitar</ownerDesignName>
</ColumnProxy>
<ColumnProxy name="Nom" id="F58E4848-8488-CA2E-1418-A1C1E08E4056">
<createdBy>a8077</createdBy>
<createdTime>2025-05-06 00:25:20 UTC</createdTime>
<ownerDesignName>BoutiqueGuitar</ownerDesignName>
</ColumnProxy>
</columnProxies>
<foreignKeys>
<ForeignKey class="oracle.dbtools.crest.model.design.storage.oracle.v10g.FKProxyOraclev10g" name="Produit_Category_FK" id="8D67E2FA-C942-9535-8DCB-273D2C4D0ECD">
<createdBy>a8077</createdBy>
<createdTime>2025-05-06 00:25:20 UTC</createdTime>
<ownerDesignName>BoutiqueGuitar</ownerDesignName>
</ForeignKey>
<ForeignKey class="oracle.dbtools.crest.model.design.storage.oracle.v10g.FKProxyOraclev10g" name="Produit_Supplier_FK" id="91DA2C46-49AA-4100-32DC-FDF51B2D2CF9">
<createdBy>a8077</createdBy>
<createdTime>2025-05-06 00:25:20 UTC</createdTime>
<ownerDesignName>BoutiqueGuitar</ownerDesignName>
</ForeignKey>
</foreignKeys>
<primaryKeys>
<PrimaryKey class="oracle.dbtools.crest.model.design.storage.oracle.v10g.PKProxyOraclev10g" name="Produit_PK" id="6AFCA77F-C135-9CCC-75A1-5C2E5AEE602B">
<createdBy>a8077</createdBy>
<createdTime>2025-05-06 00:25:20 UTC</createdTime>
<ownerDesignName>BoutiqueGuitar</ownerDesignName>
<indexSort>SORTED</indexSort>
</PrimaryKey>
</primaryKeys>
</TableProxyOraclev20c>