<?xml version = '1.0' encoding = 'UTF-8'?>
<TableProxyOraclev20c class="oracle.dbtools.crest.model.design.storage.oracle.v20c.TableProxyOraclev20c" name="Inventaire" directorySegmentName="seg_0" id="98B1F640-6D22-B6C0-F8EF-355C8977AF1C">
<createdBy>a8077</createdBy>
<createdTime>2025-05-06 00:25:20 UTC</createdTime>
<ownerDesignName>BoutiqueGuitar</ownerDesignName>
<logging>YES</logging>
<partitionedRowMovement>DISABLE</partitionedRowMovement>
<temporaryChanged>false</temporaryChanged>
<accessDriverType>oracle_loader</accessDriverType>
<rejectLimit></rejectLimit>
<columnProxies itemClass="oracle.dbtools.crest.model.design.storage.oracle.v12c.ColumnProxyOraclev12c">
<ColumnProxy name="nom" id="0D2803F1-0C92-F8CA-4FC6-86B2E8E0F681">
<createdBy>a8077</createdBy>
<createdTime>2025-05-06 00:25:20 UTC</createdTime>
<ownerDesignName>BoutiqueGuitar</ownerDesignName>
</ColumnProxy>
<ColumnProxy name="produit_id" id="15E04727-10B9-8F84-0894-63FF9A2B6039">
<createdBy>a8077</createdBy>
<createdTime>2025-05-06 00:25:20 UTC</createdTime>
<ownerDesignName>BoutiqueGuitar</ownerDesignName>
</ColumnProxy>
<ColumnProxy name="location" id="45AD1ABA-ACAB-AE57-DAF3-53EE29C24FD8">
<createdBy>a8077</createdBy>
<createdTime>2025-05-06 00:25:20 UTC</createdTime>
<ownerDesignName>BoutiqueGuitar</ownerDesignName>
</ColumnProxy>
<ColumnProxy name="Produit_produit_id" id="48B1673F-E8D3-4D68-CFA4-1E2077F864AA">
<createdBy>a8077</createdBy>
<createdTime>2025-05-06 00:25:20 UTC</createdTime>
<ownerDesignName>BoutiqueGuitar</ownerDesignName>
</ColumnProxy>
<ColumnProxy name="Produit_price" id="9FA98E28-9A02-7075-5D2D-8D2535007AD2">
<createdBy>a8077</createdBy>
<createdTime>2025-05-06 00:25:20 UTC</createdTime>
<ownerDesignName>BoutiqueGuitar</ownerDesignName>
</ColumnProxy>
<ColumnProxy name="quantite" id="B0609F8C-4E3E-FFD6-755B-DE7E08F4B867">
<createdBy>a8077</createdBy>
<createdTime>2025-05-06 00:25:20 UTC</createdTime>
<ownerDesignName>BoutiqueGuitar</ownerDesignName>
</ColumnProxy>
<ColumnProxy name="Produit_Nom" id="B2FECAAC-8ED1-F056-D63F-A49CB685B064">
<createdBy>a8077</createdBy>
<createdTime>2025-05-06 00:25:20 UTC</createdTime>
<ownerDesignName>BoutiqueGuitar</ownerDesignName>
</ColumnProxy>
<ColumnProxy name="Inventaire_id" id="BB3C46DF-2F42-A75E-B4C1-F22509543F9B">
<createdBy>a8077</createdBy>
<createdTime>2025-05-06 00:25:20 UTC</createdTime>
<ownerDesignName>BoutiqueGuitar</ownerDesignName>
</ColumnProxy>
</columnProxies>
<foreignKeys>
<ForeignKey class="oracle.dbtools.crest.model.design.storage.oracle.v10g.FKProxyOraclev10g" name="Inventaire_Produit_FK" id="210967A4-BFD7-146C-B561-D54C87E13641">
<createdBy>a8077</createdBy>
<createdTime>2025-05-06 00:25:20 UTC</createdTime>
<ownerDesignName>BoutiqueGuitar</ownerDesignName>
</ForeignKey>
</foreignKeys>
<primaryKeys>
<PrimaryKey class="oracle.dbtools.crest.model.design.storage.oracle.v10g.PKProxyOraclev10g" name="Inventaire_PK" id="CF7CE73F-243C-D0A2-63FD-22CB4D182CED">
<createdBy>a8077</createdBy>
<createdTime>2025-05-06 00:25:20 UTC</createdTime>
<ownerDesignName>BoutiqueGuitar</ownerDesignName>
<indexSort>SORTED</indexSort>
</PrimaryKey>
</primaryKeys>
</TableProxyOraclev20c>