<?xml version = '1.0' encoding = 'UTF-8'?>
<TableProxyOraclev20c class="oracle.dbtools.crest.model.design.storage.oracle.v20c.TableProxyOraclev20c" name="Category" directorySegmentName="seg_0" id="B4BCE2BC-02A6-B5AC-77CB-A9AFFE4895E8">
<createdBy>a8077</createdBy>
<createdTime>2025-05-06 00:25:20 UTC</createdTime>
<ownerDesignName>BoutiqueGuitar</ownerDesignName>
<logging>YES</logging>
<partitionedRowMovement>DISABLE</partitionedRowMovement>
<temporaryChanged>false</temporaryChanged>
<accessDriverType>oracle_loader</accessDriverType>
<rejectLimit></rejectLimit>
<columnProxies itemClass="oracle.dbtools.crest.model.design.storage.oracle.v12c.ColumnProxyOraclev12c">
<ColumnProxy name="category" id="E32FF5D6-3461-6484-A1C2-27B7BBEF794B">
<createdBy>a8077</createdBy>
<createdTime>2025-05-06 00:25:20 UTC</createdTime>
<ownerDesignName>BoutiqueGuitar</ownerDesignName>
</ColumnProxy>
<ColumnProxy name="nom" id="F5AD95FB-C5B1-A7DE-FC5F-76BE2191AC74">
<createdBy>a8077</createdBy>
<createdTime>2025-05-06 00:25:20 UTC</createdTime>
<ownerDesignName>BoutiqueGuitar</ownerDesignName>
</ColumnProxy>
</columnProxies>
<primaryKeys>
<PrimaryKey class="oracle.dbtools.crest.model.design.storage.oracle.v10g.PKProxyOraclev10g" name="Category_PK" id="D9A3C030-1816-623C-55F9-AF9EF941C8A5">
<createdBy>a8077</createdBy>
<createdTime>2025-05-06 00:25:20 UTC</createdTime>
<ownerDesignName>BoutiqueGuitar</ownerDesignName>
<indexSort>SORTED</indexSort>
</PrimaryKey>
</primaryKeys>
</TableProxyOraclev20c>