<?xml version = '1.0' encoding = 'UTF-8'?>
<TableProxyOraclev20c class="oracle.dbtools.crest.model.design.storage.oracle.v20c.TableProxyOraclev20c" name="Ordre_d&apos;achate" directorySegmentName="seg_0" id="D87FA64B-2F82-71DB-31E0-FFDB3FD81908">
<createdBy>a8077</createdBy>
<createdTime>2025-05-06 00:25:20 UTC</createdTime>
<ownerDesignName>BoutiqueGuitar</ownerDesignName>
<logging>YES</logging>
<partitionedRowMovement>DISABLE</partitionedRowMovement>
<temporaryChanged>false</temporaryChanged>
<accessDriverType>oracle_loader</accessDriverType>
<rejectLimit></rejectLimit>
<columnProxies itemClass="oracle.dbtools.crest.model.design.storage.oracle.v12c.ColumnProxyOraclev12c">
<ColumnProxy name="ordre_id" id="3B91AAF0-EB7D-36AA-10AD-9433D94EF1E5">
<createdBy>a8077</createdBy>
<createdTime>2025-05-06 00:25:20 UTC</createdTime>
<ownerDesignName>BoutiqueGuitar</ownerDesignName>
</ColumnProxy>
<ColumnProxy name="ordre_date" id="7A0F074B-96C0-7179-E416-442FD1DFC1DA">
<createdBy>a8077</createdBy>
<createdTime>2025-05-06 00:25:20 UTC</createdTime>
<ownerDesignName>BoutiqueGuitar</ownerDesignName>
</ColumnProxy>
<ColumnProxy name="supplier_id" id="CF5989FC-B361-4E87-ED67-48AC36FDA7A7">
<createdBy>a8077</createdBy>
<createdTime>2025-05-06 00:25:20 UTC</createdTime>
<ownerDesignName>BoutiqueGuitar</ownerDesignName>
</ColumnProxy>
<ColumnProxy name="Supplier_nom" id="E1B2A623-35CC-485E-A6CA-C1A99E51A8EA">
<createdBy>a8077</createdBy>
<createdTime>2025-05-06 00:25:20 UTC</createdTime>
<ownerDesignName>BoutiqueGuitar</ownerDesignName>
</ColumnProxy>
</columnProxies>
<foreignKeys>
<ForeignKey class="oracle.dbtools.crest.model.design.storage.oracle.v10g.FKProxyOraclev10g" name="Ordre_d&apos;achate_Supplier_FK" id="A076056C-B0F1-2EBB-C226-DAD9E95CAD12">
<createdBy>a8077</createdBy>
<createdTime>2025-05-06 00:25:20 UTC</createdTime>
<ownerDesignName>BoutiqueGuitar</ownerDesignName>
</ForeignKey>
</foreignKeys>
<primaryKeys>
<PrimaryKey class="oracle.dbtools.crest.model.design.storage.oracle.v10g.PKProxyOraclev10g" name="Ordre_d&apos;achate_PK" id="40B36356-C6A9-45B5-8D7D-9BD2039CA394">
<createdBy>a8077</createdBy>
<createdTime>2025-05-06 00:25:20 UTC</createdTime>
<ownerDesignName>BoutiqueGuitar</ownerDesignName>
<indexSort>SORTED</indexSort>
</PrimaryKey>
</primaryKeys>
</TableProxyOraclev20c>