<?xml version = '1.0' encoding = 'UTF-8'?>
<TableProxyOraclev20c class="oracle.dbtools.crest.model.design.storage.oracle.v20c.TableProxyOraclev20c" name="Detail_d&apos;achate" directorySegmentName="seg_0" id="F132A9E1-8722-8F2B-929F-9949962D5765">
<createdBy>a8077</createdBy>
<createdTime>2025-05-06 00:25:20 UTC</createdTime>
<ownerDesignName>BoutiqueGuitar</ownerDesignName>
<logging>YES</logging>
<partitionedRowMovement>DISABLE</partitionedRowMovement>
<temporaryChanged>false</temporaryChanged>
<accessDriverType>oracle_loader</accessDriverType>
<rejectLimit></rejectLimit>
<columnProxies itemClass="oracle.dbtools.crest.model.design.storage.oracle.v12c.ColumnProxyOraclev12c">
<ColumnProxy name="price_unit" id="0ED717EE-BD18-18D0-1D26-B59B373D5D4D">
<createdBy>a8077</createdBy>
<createdTime>2025-05-06 00:25:20 UTC</createdTime>
<ownerDesignName>BoutiqueGuitar</ownerDesignName>
</ColumnProxy>
<ColumnProxy name="produit_id" id="3EB2F689-DA46-130A-B6D1-E1FECD3F92C1">
<createdBy>a8077</createdBy>
<createdTime>2025-05-06 00:25:20 UTC</createdTime>
<ownerDesignName>BoutiqueGuitar</ownerDesignName>
</ColumnProxy>
<ColumnProxy name="quantite" id="758DF253-2256-E4B9-BDE7-6EE8735C0119">
<createdBy>a8077</createdBy>
<createdTime>2025-05-06 00:25:20 UTC</createdTime>
<ownerDesignName>BoutiqueGuitar</ownerDesignName>
</ColumnProxy>
<ColumnProxy name="ordre_id" id="CCA43D1D-527B-387F-B9BD-C428A62F7AA5">
<createdBy>a8077</createdBy>
<createdTime>2025-05-06 00:25:20 UTC</createdTime>
<ownerDesignName>BoutiqueGuitar</ownerDesignName>
</ColumnProxy>
<ColumnProxy name="Ordre_d&apos;achate_ordre_id" id="D605A890-F0F2-402E-4D6B-3A9E7509F322">
<createdBy>a8077</createdBy>
<createdTime>2025-05-06 00:27:46 UTC</createdTime>
<ownerDesignName>BoutiqueGuitar</ownerDesignName>
</ColumnProxy>
</columnProxies>
<foreignKeys>
<ForeignKey class="oracle.dbtools.crest.model.design.storage.oracle.v10g.FKProxyOraclev10g" name="Detail_d&apos;achate_Ordre_d&apos;achate_FK" id="96D594AC-D610-39E3-B965-65908645D50A">
<createdBy>a8077</createdBy>
<createdTime>2025-05-06 00:27:46 UTC</createdTime>
<ownerDesignName>BoutiqueGuitar</ownerDesignName>
</ForeignKey>
</foreignKeys>
<primaryKeys>
<PrimaryKey class="oracle.dbtools.crest.model.design.storage.oracle.v10g.PKProxyOraclev10g" name="Detail_d&apos;achate_PK" id="8CE65A74-154F-7E33-5D50-903018CB68BB">
<createdBy>a8077</createdBy>
<createdTime>2025-05-06 00:25:20 UTC</createdTime>
<ownerDesignName>BoutiqueGuitar</ownerDesignName>
<indexSort>SORTED</indexSort>
</PrimaryKey>
</primaryKeys>
</TableProxyOraclev20c>