<?xml version = '1.0' encoding = 'UTF-8'?>
<Entity class="oracle.dbtools.crest.model.design.logical.Entity" directorySegmentName="seg_0" id="0E175D80-A9F7-F2F6-F72B-347BCE206664" name="Category">
<createdBy>a8077</createdBy>
<createdTime>2025-05-06 00:08:05 UTC</createdTime>
<ownerDesignName>BoutiqueGuitar</ownerDesignName>
<engineerTo>
<item key="63B0BF88-31C0-7B97-A1C0-A337F29F38BB" value="true"/>
</engineerTo>
<adequatelyNormalized>NO</adequatelyNormalized>
<expectedVolumes>0</expectedVolumes>
<fwdEngineeringStrategyName>Single Table</fwdEngineeringStrategyName>
<growthPercent>0</growthPercent>
<growthType>Year</growthType>
<maxVolumes>9999999</maxVolumes>
<minVolumes>0</minVolumes>
<normalForm>Third</normalForm>
<attributes itemClass="oracle.dbtools.crest.model.design.logical.Attribute">
<Attribute name="category" id="9542255D-748D-704D-4CB6-944A7859BB09">
<createdBy>a8077</createdBy>
<createdTime>2025-05-06 00:10:13 UTC</createdTime>
<ownerDesignName>BoutiqueGuitar</ownerDesignName>
<engineerTo>
<item key="63B0BF88-31C0-7B97-A1C0-A337F29F38BB" value="true"/>
</engineerTo>
<useDomainConstraints>false</useDomainConstraints>
<use>1</use>
<logicalDatatype>LOGDT024</logicalDatatype>
<dataTypeSize>255</dataTypeSize>
<ownDataTypeParameters>255,,</ownDataTypeParameters>
</Attribute>
<Attribute name="nom" id="83283462-4051-1AE2-BF77-84F324C73E01">
<createdBy>a8077</createdBy>
<createdTime>2025-05-06 00:11:50 UTC</createdTime>
<ownerDesignName>BoutiqueGuitar</ownerDesignName>
<engineerTo>
<item key="63B0BF88-31C0-7B97-A1C0-A337F29F38BB" value="true"/>
</engineerTo>
<nullsAllowed>true</nullsAllowed>
<useDomainConstraints>false</useDomainConstraints>
<use>1</use>
<logicalDatatype>LOGDT024</logicalDatatype>
<dataTypeSize>255</dataTypeSize>
<ownDataTypeParameters>255,,</ownDataTypeParameters>
</Attribute>
</attributes>
<identifiers itemClass="oracle.dbtools.crest.model.design.logical.CandidateKey">
<identifier id="75B57410-263F-1933-1B84-538383530DD6" name="Category PK">
<createdBy>a8077</createdBy>
<createdTime>2025-05-06 00:11:38 UTC</createdTime>
<ownerDesignName>BoutiqueGuitar</ownerDesignName>
<shouldEngineer>false</shouldEngineer>
<engineerTo>
<item key="63B0BF88-31C0-7B97-A1C0-A337F29F38BB" value="false"/>
</engineerTo>
<pk>true</pk>
<usedAttributes>
<attributeRef>9542255D-748D-704D-4CB6-944A7859BB09</attributeRef>
</usedAttributes>
</identifier>
</identifiers>
</Entity>