<?xml version = '1.0' encoding = 'UTF-8'?>
<Entity class="oracle.dbtools.crest.model.design.logical.Entity" directorySegmentName="seg_0" id="14D925EE-13B6-575B-B2E4-60AC2C6491D9" name="Supplier">
<createdBy>a8077</createdBy>
<createdTime>2025-05-06 00:12:44 UTC</createdTime>
<ownerDesignName>BoutiqueGuitar</ownerDesignName>
<engineerTo>
<item key="63B0BF88-31C0-7B97-A1C0-A337F29F38BB" value="true"/>
</engineerTo>
<adequatelyNormalized>NO</adequatelyNormalized>
<expectedVolumes>0</expectedVolumes>
<fwdEngineeringStrategyName>Single Table</fwdEngineeringStrategyName>
<growthPercent>0</growthPercent>
<growthType>Year</growthType>
<maxVolumes>9999999</maxVolumes>
<minVolumes>0</minVolumes>
<normalForm>Third</normalForm>
<attributes itemClass="oracle.dbtools.crest.model.design.logical.Attribute">
<Attribute name="nom" id="8B1B1270-AC65-2FB3-7F5C-09E16FD74B9F">
<createdBy>a8077</createdBy>
<createdTime>2025-05-06 00:12:50 UTC</createdTime>
<ownerDesignName>BoutiqueGuitar</ownerDesignName>
<engineerTo>
<item key="63B0BF88-31C0-7B97-A1C0-A337F29F38BB" value="true"/>
</engineerTo>
<useDomainConstraints>false</useDomainConstraints>
<use>1</use>
<logicalDatatype>LOGDT024</logicalDatatype>
<dataTypeSize>255</dataTypeSize>
<ownDataTypeParameters>255,,</ownDataTypeParameters>
</Attribute>
<Attribute name="contact_info" id="A40C41F1-44AB-5400-6A82-1A968F8D61E2">
<createdBy>a8077</createdBy>
<createdTime>2025-05-06 00:13:11 UTC</createdTime>
<ownerDesignName>BoutiqueGuitar</ownerDesignName>
<engineerTo>
<item key="63B0BF88-31C0-7B97-A1C0-A337F29F38BB" value="true"/>
</engineerTo>
<nullsAllowed>true</nullsAllowed>
<useDomainConstraints>false</useDomainConstraints>
<use>1</use>
<logicalDatatype>LOGDT024</logicalDatatype>
<dataTypeSize>255</dataTypeSize>
<ownDataTypeParameters>255,,</ownDataTypeParameters>
</Attribute>
</attributes>
<identifiers itemClass="oracle.dbtools.crest.model.design.logical.CandidateKey">
<identifier id="A7DA6537-43DE-BECD-7B41-E25CD1BD712D" name="Supplier PK">
<createdBy>a8077</createdBy>
<createdTime>2025-05-06 00:13:08 UTC</createdTime>
<ownerDesignName>BoutiqueGuitar</ownerDesignName>
<shouldEngineer>false</shouldEngineer>
<engineerTo>
<item key="63B0BF88-31C0-7B97-A1C0-A337F29F38BB" value="false"/>
</engineerTo>
<pk>true</pk>
<usedAttributes>
<attributeRef>8B1B1270-AC65-2FB3-7F5C-09E16FD74B9F</attributeRef>
</usedAttributes>
</identifier>
</identifiers>
</Entity>