<?xml version = '1.0' encoding = 'UTF-8'?>
<Entity class="oracle.dbtools.crest.model.design.logical.Entity" directorySegmentName="seg_0" id="84FC7839-5B3A-CA1D-04BB-910BCEF4A19F" name="Detail_d&apos;achate">
<createdBy>a8077</createdBy>
<createdTime>2025-05-05 23:59:43 UTC</createdTime>
<ownerDesignName>BoutiqueGuitar</ownerDesignName>
<engineerTo>
<item key="63B0BF88-31C0-7B97-A1C0-A337F29F38BB" value="true"/>
</engineerTo>
<adequatelyNormalized>NO</adequatelyNormalized>
<expectedVolumes>0</expectedVolumes>
<fwdEngineeringStrategyName>Single Table</fwdEngineeringStrategyName>
<growthPercent>0</growthPercent>
<growthType>Year</growthType>
<maxVolumes>9999999</maxVolumes>
<minVolumes>0</minVolumes>
<normalForm>Third</normalForm>
<attributes itemClass="oracle.dbtools.crest.model.design.logical.Attribute">
<Attribute name="ordre_id" id="4A11B59A-EE6C-F341-D913-DECD3FFDAF93">
<createdBy>a8077</createdBy>
<createdTime>2025-05-06 00:00:19 UTC</createdTime>
<ownerDesignName>BoutiqueGuitar</ownerDesignName>
<engineerTo>
<item key="63B0BF88-31C0-7B97-A1C0-A337F29F38BB" value="true"/>
</engineerTo>
<useDomainConstraints>false</useDomainConstraints>
<use>1</use>
<ownDataTypeParameters>,,</ownDataTypeParameters>
</Attribute>
<Attribute name="produit_id" id="6CDC84BE-4A7F-6A9A-974D-9F69259DC9EA">
<createdBy>a8077</createdBy>
<createdTime>2025-05-06 00:01:54 UTC</createdTime>
<ownerDesignName>BoutiqueGuitar</ownerDesignName>
<engineerTo>
<item key="63B0BF88-31C0-7B97-A1C0-A337F29F38BB" value="true"/>
</engineerTo>
<useDomainConstraints>false</useDomainConstraints>
<use>1</use>
<logicalDatatype>LOGDT011</logicalDatatype>
<ownDataTypeParameters>,,</ownDataTypeParameters>
</Attribute>
<Attribute name="quantite" id="77AAF157-AF01-8DAD-FF34-BF4FEF41EF3D">
<createdBy>a8077</createdBy>
<createdTime>2025-05-06 00:02:52 UTC</createdTime>
<ownerDesignName>BoutiqueGuitar</ownerDesignName>
<engineerTo>
<item key="63B0BF88-31C0-7B97-A1C0-A337F29F38BB" value="true"/>
</engineerTo>
<nullsAllowed>true</nullsAllowed>
<useDomainConstraints>false</useDomainConstraints>
<use>1</use>
<logicalDatatype>LOGDT011</logicalDatatype>
<ownDataTypeParameters>,,</ownDataTypeParameters>
</Attribute>
<Attribute name="price_unit" id="D2F5DDD7-F354-2E32-A3B2-96D5DB1C3A32">
<createdBy>a8077</createdBy>
<createdTime>2025-05-06 00:03:13 UTC</createdTime>
<ownerDesignName>BoutiqueGuitar</ownerDesignName>
<engineerTo>
<item key="63B0BF88-31C0-7B97-A1C0-A337F29F38BB" value="true"/>
</engineerTo>
<useDomainConstraints>false</useDomainConstraints>
<use>1</use>
<logicalDatatype>LOGDT026</logicalDatatype>
<dataTypePrecision>10</dataTypePrecision>
<dataTypeScale>2</dataTypeScale>
<ownDataTypeParameters>,10,2</ownDataTypeParameters>
</Attribute>
<Attribute name="ordre_id1" id="5AB221FC-F03F-CD76-D8BA-78B1DCBF6987">
<createdBy>a8077</createdBy>
<createdTime>2025-05-06 00:19:28 UTC</createdTime>
<generatorID>09F66329-096B-29FF-8503-1C0ED4A0694A</generatorID>
<ownerDesignName>BoutiqueGuitar</ownerDesignName>
<engineerTo>
<item key="63B0BF88-31C0-7B97-A1C0-A337F29F38BB" value="true"/>
</engineerTo>
<nullsAllowed>true</nullsAllowed>
<referedAttribute>E573DA52-FE38-EF9D-9FFA-CEFCDD44CA39</referedAttribute>
<useDomainConstraints>false</useDomainConstraints>
<use>1</use>
<logicalDatatype>LOGDT011</logicalDatatype>
<ownDataTypeParameters>,,</ownDataTypeParameters>
</Attribute>
</attributes>
<identifiers itemClass="oracle.dbtools.crest.model.design.logical.CandidateKey">
<identifier id="33FCC486-C457-A17D-9817-8B8CB6EBBE08" name="Detail_d&apos;achate PK">
<createdBy>a8077</createdBy>
<createdTime>2025-05-06 00:01:52 UTC</createdTime>
<ownerDesignName>BoutiqueGuitar</ownerDesignName>
<shouldEngineer>false</shouldEngineer>
<engineerTo>
<item key="63B0BF88-31C0-7B97-A1C0-A337F29F38BB" value="false"/>
</engineerTo>
<pk>true</pk>
<usedAttributes>
<attributeRef>4A11B59A-EE6C-F341-D913-DECD3FFDAF93</attributeRef>
<attributeRef>6CDC84BE-4A7F-6A9A-974D-9F69259DC9EA</attributeRef>
<attributeRef>D2F5DDD7-F354-2E32-A3B2-96D5DB1C3A32</attributeRef>
</usedAttributes>
</identifier>
</identifiers>
</Entity>