<?xml version = '1.0' encoding = 'UTF-8'?>
<Entity class="oracle.dbtools.crest.model.design.logical.Entity" directorySegmentName="seg_0" id="8AA8F6D2-C13F-17E2-B9DD-1DB588E1E577" name="Inventaire">
<createdBy>a8077</createdBy>
<createdTime>2025-05-05 23:52:44 UTC</createdTime>
<ownerDesignName>BoutiqueGuitar</ownerDesignName>
<engineerTo>
<item key="63B0BF88-31C0-7B97-A1C0-A337F29F38BB" value="true"/>
</engineerTo>
<adequatelyNormalized>NO</adequatelyNormalized>
<expectedVolumes>0</expectedVolumes>
<fwdEngineeringStrategyName>Single Table</fwdEngineeringStrategyName>
<growthPercent>0</growthPercent>
<growthType>Year</growthType>
<maxVolumes>9999999</maxVolumes>
<minVolumes>0</minVolumes>
<normalForm>Third</normalForm>
<attributes itemClass="oracle.dbtools.crest.model.design.logical.Attribute">
<Attribute name="Inventaire_id" id="2D7B7599-1B3D-8B29-ADB4-82FB09BEC38F">
<createdBy>a8077</createdBy>
<createdTime>2025-05-05 23:55:21 UTC</createdTime>
<ownerDesignName>BoutiqueGuitar</ownerDesignName>
<engineerTo>
<item key="63B0BF88-31C0-7B97-A1C0-A337F29F38BB" value="true"/>
</engineerTo>
<useDomainConstraints>false</useDomainConstraints>
<use>1</use>
<logicalDatatype>LOGDT011</logicalDatatype>
<ownDataTypeParameters>,,</ownDataTypeParameters>
</Attribute>
<Attribute name="produit_id" id="CE75E6F2-E4B9-C0D5-D92A-0308F930409C">
<createdBy>a8077</createdBy>
<createdTime>2025-05-05 23:55:48 UTC</createdTime>
<ownerDesignName>BoutiqueGuitar</ownerDesignName>
<engineerTo>
<item key="63B0BF88-31C0-7B97-A1C0-A337F29F38BB" value="true"/>
</engineerTo>
<useDomainConstraints>false</useDomainConstraints>
<use>1</use>
<logicalDatatype>LOGDT011</logicalDatatype>
<ownDataTypeParameters>,,</ownDataTypeParameters>
</Attribute>
<Attribute name="quantite" id="35DC51C7-9B1D-7134-542C-7CF0EDAB0A09">
<createdBy>a8077</createdBy>
<createdTime>2025-05-05 23:57:09 UTC</createdTime>
<ownerDesignName>BoutiqueGuitar</ownerDesignName>
<engineerTo>
<item key="63B0BF88-31C0-7B97-A1C0-A337F29F38BB" value="true"/>
</engineerTo>
<useDomainConstraints>false</useDomainConstraints>
<use>1</use>
<logicalDatatype>LOGDT011</logicalDatatype>
<ownDataTypeParameters>,,</ownDataTypeParameters>
</Attribute>
<Attribute name="nom" id="85827270-F115-3B06-8F8A-7D79A0A26EEB">
<createdBy>a8077</createdBy>
<createdTime>2025-05-05 23:57:50 UTC</createdTime>
<ownerDesignName>BoutiqueGuitar</ownerDesignName>
<engineerTo>
<item key="63B0BF88-31C0-7B97-A1C0-A337F29F38BB" value="true"/>
</engineerTo>
<useDomainConstraints>false</useDomainConstraints>
<use>1</use>
<logicalDatatype>LOGDT024</logicalDatatype>
<dataTypeSize>255</dataTypeSize>
<ownDataTypeParameters>255,,</ownDataTypeParameters>
</Attribute>
<Attribute name="location" id="232AE422-3E32-7F45-CACD-1BFFDC2C415E">
<createdBy>a8077</createdBy>
<createdTime>2025-05-05 23:58:19 UTC</createdTime>
<ownerDesignName>BoutiqueGuitar</ownerDesignName>
<engineerTo>
<item key="63B0BF88-31C0-7B97-A1C0-A337F29F38BB" value="true"/>
</engineerTo>
<useDomainConstraints>false</useDomainConstraints>
<use>1</use>
<logicalDatatype>LOGDT024</logicalDatatype>
<dataTypeSize>255</dataTypeSize>
<ownDataTypeParameters>255,,</ownDataTypeParameters>
</Attribute>
<Attribute name="produit_id1" id="FA32294D-0917-9C06-7018-9BAF56590FF8">
<createdBy>a8077</createdBy>
<createdTime>2025-05-06 00:16:23 UTC</createdTime>
<generatorID>A5C50395-4863-4ADA-7464-9D9AB15D0AD5</generatorID>
<ownerDesignName>BoutiqueGuitar</ownerDesignName>
<engineerTo>
<item key="63B0BF88-31C0-7B97-A1C0-A337F29F38BB" value="true"/>
</engineerTo>
<nullsAllowed>true</nullsAllowed>
<referedAttribute>85DA981A-0076-32A1-FCC2-D702D6A38AA3</referedAttribute>
<useDomainConstraints>false</useDomainConstraints>
<use>1</use>
<logicalDatatype>LOGDT011</logicalDatatype>
<ownDataTypeParameters>,,</ownDataTypeParameters>
</Attribute>
<Attribute name="Nom1" id="9740A027-77ED-3D95-DEAA-2FBFC206093E">
<createdBy>a8077</createdBy>
<createdTime>2025-05-06 00:16:23 UTC</createdTime>
<generatorID>A5C50395-4863-4ADA-7464-9D9AB15D0AD5</generatorID>
<ownerDesignName>BoutiqueGuitar</ownerDesignName>
<engineerTo>
<item key="63B0BF88-31C0-7B97-A1C0-A337F29F38BB" value="true"/>
</engineerTo>
<nullsAllowed>true</nullsAllowed>
<referedAttribute>BEF52534-FA37-4F81-900E-407B9E7FEEB8</referedAttribute>
<useDomainConstraints>false</useDomainConstraints>
<use>1</use>
<logicalDatatype>LOGDT024</logicalDatatype>
<dataTypeSize>255</dataTypeSize>
<ownDataTypeParameters>,,</ownDataTypeParameters>
</Attribute>
<Attribute name="price" id="C8850F63-9BF0-BEC8-9332-75A96EC94D83">
<createdBy>a8077</createdBy>
<createdTime>2025-05-06 00:16:23 UTC</createdTime>
<generatorID>A5C50395-4863-4ADA-7464-9D9AB15D0AD5</generatorID>
<ownerDesignName>BoutiqueGuitar</ownerDesignName>
<engineerTo>
<item key="63B0BF88-31C0-7B97-A1C0-A337F29F38BB" value="true"/>
</engineerTo>
<nullsAllowed>true</nullsAllowed>
<referedAttribute>3F712E59-E2D3-550B-FB3C-861A362C1B26</referedAttribute>
<useDomainConstraints>false</useDomainConstraints>
<use>1</use>
<logicalDatatype>LOGDT026</logicalDatatype>
<dataTypePrecision>10</dataTypePrecision>
<dataTypeScale>2</dataTypeScale>
<ownDataTypeParameters>,,</ownDataTypeParameters>
</Attribute>
</attributes>
<identifiers itemClass="oracle.dbtools.crest.model.design.logical.CandidateKey">
<identifier id="0CD3FEAC-0B9A-AE88-0F55-2261504A378A" name="Inventaire PK">
<createdBy>a8077</createdBy>
<createdTime>2025-05-05 23:55:46 UTC</createdTime>
<ownerDesignName>BoutiqueGuitar</ownerDesignName>
<shouldEngineer>false</shouldEngineer>
<engineerTo>
<item key="63B0BF88-31C0-7B97-A1C0-A337F29F38BB" value="false"/>
</engineerTo>
<pk>true</pk>
<usedAttributes>
<attributeRef>2D7B7599-1B3D-8B29-ADB4-82FB09BEC38F</attributeRef>
<attributeRef>35DC51C7-9B1D-7134-542C-7CF0EDAB0A09</attributeRef>
<attributeRef>CE75E6F2-E4B9-C0D5-D92A-0308F930409C</attributeRef>
<attributeRef>232AE422-3E32-7F45-CACD-1BFFDC2C415E</attributeRef>
</usedAttributes>
</identifier>
</identifiers>
</Entity>