<?xml version = '1.0' encoding = 'UTF-8'?>
<Entity class="oracle.dbtools.crest.model.design.logical.Entity" directorySegmentName="seg_0" id="AEE75DF4-7838-3903-C7E8-FD6537DAFC39" name="Ordre_d&apos;achate">
<createdBy>a8077</createdBy>
<createdTime>2025-05-06 00:05:02 UTC</createdTime>
<ownerDesignName>BoutiqueGuitar</ownerDesignName>
<engineerTo>
<item key="63B0BF88-31C0-7B97-A1C0-A337F29F38BB" value="true"/>
</engineerTo>
<adequatelyNormalized>NO</adequatelyNormalized>
<expectedVolumes>0</expectedVolumes>
<fwdEngineeringStrategyName>Single Table</fwdEngineeringStrategyName>
<growthPercent>0</growthPercent>
<growthType>Year</growthType>
<maxVolumes>9999999</maxVolumes>
<minVolumes>0</minVolumes>
<normalForm>Third</normalForm>
<attributes itemClass="oracle.dbtools.crest.model.design.logical.Attribute">
<Attribute name="ordre_id" id="E573DA52-FE38-EF9D-9FFA-CEFCDD44CA39">
<createdBy>a8077</createdBy>
<createdTime>2025-05-06 00:05:45 UTC</createdTime>
<ownerDesignName>BoutiqueGuitar</ownerDesignName>
<engineerTo>
<item key="63B0BF88-31C0-7B97-A1C0-A337F29F38BB" value="true"/>
</engineerTo>
<useDomainConstraints>false</useDomainConstraints>
<use>1</use>
<logicalDatatype>LOGDT011</logicalDatatype>
<ownDataTypeParameters>,,</ownDataTypeParameters>
</Attribute>
<Attribute name="supplier_id" id="DB0C2C89-DDBF-DE13-A21A-D448DAE59565">
<createdBy>a8077</createdBy>
<createdTime>2025-05-06 00:06:03 UTC</createdTime>
<ownerDesignName>BoutiqueGuitar</ownerDesignName>
<engineerTo>
<item key="63B0BF88-31C0-7B97-A1C0-A337F29F38BB" value="true"/>
</engineerTo>
<useDomainConstraints>false</useDomainConstraints>
<use>1</use>
<logicalDatatype>LOGDT011</logicalDatatype>
<ownDataTypeParameters>,,</ownDataTypeParameters>
</Attribute>
<Attribute name="ordre_date" id="53E509AA-EB8D-8F55-8123-4ECD2BBEE7D4">
<createdBy>a8077</createdBy>
<createdTime>2025-05-06 00:07:02 UTC</createdTime>
<ownerDesignName>BoutiqueGuitar</ownerDesignName>
<engineerTo>
<item key="63B0BF88-31C0-7B97-A1C0-A337F29F38BB" value="true"/>
</engineerTo>
<nullsAllowed>true</nullsAllowed>
<useDomainConstraints>false</useDomainConstraints>
<use>1</use>
<logicalDatatype>LOGDT007</logicalDatatype>
<ownDataTypeParameters>,,</ownDataTypeParameters>
</Attribute>
<Attribute name="nom" id="ED025BE0-8FCD-6EAD-8C6D-99020AE6BFA3">
<createdBy>a8077</createdBy>
<createdTime>2025-05-06 00:18:33 UTC</createdTime>
<generatorID>5463A7EE-36CD-9A97-143D-CE19387A48E2</generatorID>
<ownerDesignName>BoutiqueGuitar</ownerDesignName>
<engineerTo>
<item key="63B0BF88-31C0-7B97-A1C0-A337F29F38BB" value="true"/>
</engineerTo>
<nullsAllowed>true</nullsAllowed>
<referedAttribute>8B1B1270-AC65-2FB3-7F5C-09E16FD74B9F</referedAttribute>
<useDomainConstraints>false</useDomainConstraints>
<use>1</use>
<logicalDatatype>LOGDT024</logicalDatatype>
<dataTypeSize>255</dataTypeSize>
<ownDataTypeParameters>,,</ownDataTypeParameters>
</Attribute>
</attributes>
<identifiers itemClass="oracle.dbtools.crest.model.design.logical.CandidateKey">
<identifier id="10831972-8D5B-8DAA-0285-E0F3DC69D524" name="Ordre_d&apos;achate PK">
<createdBy>a8077</createdBy>
<createdTime>2025-05-06 00:06:00 UTC</createdTime>
<ownerDesignName>BoutiqueGuitar</ownerDesignName>
<shouldEngineer>false</shouldEngineer>
<engineerTo>
<item key="63B0BF88-31C0-7B97-A1C0-A337F29F38BB" value="false"/>
</engineerTo>
<pk>true</pk>
<usedAttributes>
<attributeRef>E573DA52-FE38-EF9D-9FFA-CEFCDD44CA39</attributeRef>
</usedAttributes>
</identifier>
</identifiers>
</Entity>