<?xml version = '1.0' encoding = 'UTF-8'?>
<relationalModel class="oracle.dbtools.crest.model.design.relational.RelationalDesign" name="Relational_1" id="63B0BF88-31C0-7B97-A1C0-A337F29F38BB" mainViewID="1B96562F-E7DC-D141-50E6-08CC906314DD">
<createdBy>a8077</createdBy>
<createdTime>2025-05-05 23:43:36 UTC</createdTime>
<ownerDesignName>BoutiqueGuitar</ownerDesignName>
<shouldBeOpen>false</shouldBeOpen>
<selectedRDBMSSite>01F6E6D1-21D0-CFBD-ABDD-3988D1813575</selectedRDBMSSite>
<importDDLFileStamps>
<importDDLFileStamp class="oracle.dbtools.crest.imports.DDLFileStamp">
<fileName>ddl</fileName>
<pathName>C:\Users\a8077\Downloads</pathName>
<dbType>17</dbType>
</importDDLFileStamp>
</importDDLFileStamps>
</relationalModel>