<?xml version = '1.0' encoding = 'UTF-8'?>
<Diagram class="oracle.dbtools.crest.swingui.logical.DPVLogical" name="Logical" id="1F78EAE4-C470-404E-328E-AD88E1F3E4C7">
<createdBy>a8077</createdBy>
<modifiedBy>a8077</modifiedBy>
<createdTime>2025-05-05 23:46:05 UTC</createdTime>
<autoRoute>false</autoRoute>
<boxInbox>true</boxInbox>
<showLegend>false</showLegend>
<showLabels>false</showLabels>
<showRelAttributes>false</showRelAttributes>
<gridEnabled>false</gridEnabled>
<showGrid>false</showGrid>
<diagramColor>-1</diagramColor>
<display>false</display>
<notation>1</notation>
<objectViews>
<OView class="oracle.dbtools.crest.swingui.logical.TVEntity" oid="0E175D80-A9F7-F2F6-F72B-347BCE206664" otype="Entity" vid="95991457-CA44-582C-3A3E-7B32C6F3A6B8">
<hideElementsInCurrentOnly>false</hideElementsInCurrentOnly>
<bounds x="858" y="330" width="170" height="110"/>
</OView>
<OView class="oracle.dbtools.crest.swingui.logical.TVEntity" oid="14D925EE-13B6-575B-B2E4-60AC2C6491D9" otype="Entity" vid="0173EDE0-B76A-E4B3-74C2-9B6FE23C0E6C">
<hideElementsInCurrentOnly>false</hideElementsInCurrentOnly>
<bounds x="580" y="529" width="170" height="110"/>
</OView>
<OView class="oracle.dbtools.crest.swingui.logical.TVEntity" oid="29585BDE-D723-7CFA-BA3B-9F694D5B8F2E" otype="Entity" vid="8E9EA190-ECD8-186C-B514-ED6F81527D7A">
<hideElementsInCurrentOnly>false</hideElementsInCurrentOnly>
<bounds x="549" y="323" width="170" height="110"/>
</OView>
<OView class="oracle.dbtools.crest.swingui.logical.TVEntity" oid="84FC7839-5B3A-CA1D-04BB-910BCEF4A19F" otype="Entity" vid="7EAA9810-76AF-2A37-64E3-E2D41A90C0D5">
<hideElementsInCurrentOnly>false</hideElementsInCurrentOnly>
<bounds x="570" y="181" width="170" height="110"/>
</OView>
<OView class="oracle.dbtools.crest.swingui.logical.TVEntity" oid="8AA8F6D2-C13F-17E2-B9DD-1DB588E1E577" otype="Entity" vid="633B72FC-0E05-363A-A2AA-3A2464ABCA54">
<hideElementsInCurrentOnly>false</hideElementsInCurrentOnly>
<bounds x="256" y="352" width="170" height="110"/>
</OView>
<OView class="oracle.dbtools.crest.swingui.logical.TVEntity" oid="AEE75DF4-7838-3903-C7E8-FD6537DAFC39" otype="Entity" vid="83E2A7E8-A27F-68A5-577B-82F99B4D8B53">
<hideElementsInCurrentOnly>false</hideElementsInCurrentOnly>
<bounds x="291" y="176" width="170" height="110"/>
</OView>
</objectViews>
<connectors>
<Connector class="oracle.dbtools.crest.swingui.logical.TVRelation" oid="09F66329-096B-29FF-8503-1C0ED4A0694A" otype="Relation" vid_source="83E2A7E8-A27F-68A5-577B-82F99B4D8B53" vid_target="7EAA9810-76AF-2A37-64E3-E2D41A90C0D5">
<hideElementsInCurrentOnly>false</hideElementsInCurrentOnly>
<backgroundColor>-16777216</backgroundColor>
<lineWidth>1</lineWidth>
<points>
<point x="461" y="263"/>
<point x="570" y="263"/>
</points>
</Connector>
<Connector class="oracle.dbtools.crest.swingui.logical.TVRelation" oid="5463A7EE-36CD-9A97-143D-CE19387A48E2" otype="Relation" vid_source="0173EDE0-B76A-E4B3-74C2-9B6FE23C0E6C" vid_target="83E2A7E8-A27F-68A5-577B-82F99B4D8B53">
<hideElementsInCurrentOnly>false</hideElementsInCurrentOnly>
<backgroundColor>-16777216</backgroundColor>
<lineWidth>1</lineWidth>
<points>
<point x="619" y="529"/>
<point x="406" y="286"/>
</points>
</Connector>
<Connector class="oracle.dbtools.crest.swingui.logical.TVRelation" oid="5BB5316C-1338-9282-043F-46002A8CD903" otype="Relation" vid_source="0173EDE0-B76A-E4B3-74C2-9B6FE23C0E6C" vid_target="8E9EA190-ECD8-186C-B514-ED6F81527D7A">
<hideElementsInCurrentOnly>false</hideElementsInCurrentOnly>
<backgroundColor>-16777216</backgroundColor>
<lineWidth>1</lineWidth>
<points>
<point x="694" y="529"/>
<point x="694" y="433"/>
</points>
</Connector>
<Connector class="oracle.dbtools.crest.swingui.logical.TVRelation" oid="834EC661-A3DD-D5F4-334C-3B61936B3D26" otype="Relation" vid_source="95991457-CA44-582C-3A3E-7B32C6F3A6B8" vid_target="8E9EA190-ECD8-186C-B514-ED6F81527D7A">
<hideElementsInCurrentOnly>false</hideElementsInCurrentOnly>
<backgroundColor>-16777216</backgroundColor>
<lineWidth>1</lineWidth>
<points>
<point x="858" y="381"/>
<point x="719" y="381"/>
</points>
</Connector>
<Connector class="oracle.dbtools.crest.swingui.logical.TVRelation" oid="A5C50395-4863-4ADA-7464-9D9AB15D0AD5" otype="Relation" vid_source="633B72FC-0E05-363A-A2AA-3A2464ABCA54" vid_target="8E9EA190-ECD8-186C-B514-ED6F81527D7A">
<hideElementsInCurrentOnly>false</hideElementsInCurrentOnly>
<backgroundColor>-16777216</backgroundColor>
<lineWidth>1</lineWidth>
<points>
<point x="426" y="392"/>
<point x="549" y="392"/>
</points>
</Connector>
</connectors>
</Diagram>